dir,run,type,sigma,seed,eval_step,oracle_epoch,oracle_rmse,tik_disc_rmse,tik_oracle_rmse,tau,epoch,rmse_truth,fit
e2,corr0.5_s0,corr,0.5000,0,10,60,0.9357,1.3487,1.3209,0.8000,200.0000,1.2108,0.3822
e2,corr0.5_s0,corr,0.5000,0,10,60,0.9357,1.3487,1.3209,0.9000,150.0000,1.2063,0.4188
e2,corr0.5_s0,corr,0.5000,0,10,60,0.9357,1.3487,1.3209,1.0000,60.0000,0.9357,0.4527
e2,corr0.5_s0,corr,0.5000,0,10,60,0.9357,1.3487,1.3209,1.1000,50.0000,0.9484,0.5186
e2,corr0.5_s0,corr,0.5000,0,10,60,0.9357,1.3487,1.3209,1.2000,50.0000,0.9484,0.5186
e2,corr0.5_s0,corr,0.5000,0,10,60,0.9357,1.3487,1.3209,1.3000,50.0000,0.9484,0.5186
e2,corr0.5_s0,corr,0.5000,0,10,60,0.9357,1.3487,1.3209,1.5000,40.0000,1.2073,0.7259
e2,corr0.5_s1,corr,0.5000,1,10,60,0.9930,1.3396,1.3182,0.8000,230.0000,1.2536,0.3791
e2,corr0.5_s1,corr,0.5000,1,10,60,0.9930,1.3396,1.3182,0.9000,90.0000,1.0106,0.4189
e2,corr0.5_s1,corr,0.5000,1,10,60,0.9930,1.3396,1.3182,1.0000,60.0000,0.9930,0.4689
e2,corr0.5_s1,corr,0.5000,1,10,60,0.9930,1.3396,1.3182,1.1000,60.0000,0.9930,0.4689
e2,corr0.5_s1,corr,0.5000,1,10,60,0.9930,1.3396,1.3182,1.2000,60.0000,0.9930,0.4689
e2,corr0.5_s1,corr,0.5000,1,10,60,0.9930,1.3396,1.3182,1.3000,60.0000,0.9930,0.4689
e2,corr0.5_s1,corr,0.5000,1,10,60,0.9930,1.3396,1.3182,1.5000,50.0000,1.2566,0.6663
e2,corr0.5_s2,corr,0.5000,2,10,60,0.9351,1.3179,1.3014,0.8000,130.0000,1.1482,0.3890
e2,corr0.5_s2,corr,0.5000,2,10,60,0.9351,1.3179,1.3014,0.9000,60.0000,0.9351,0.4080
e2,corr0.5_s2,corr,0.5000,2,10,60,0.9351,1.3179,1.3014,1.0000,50.0000,0.9469,0.4532
e2,corr0.5_s2,corr,0.5000,2,10,60,0.9351,1.3179,1.3014,1.1000,50.0000,0.9469,0.4532
e2,corr0.5_s2,corr,0.5000,2,10,60,0.9351,1.3179,1.3014,1.2000,50.0000,0.9469,0.4532
e2,corr0.5_s2,corr,0.5000,2,10,60,0.9351,1.3179,1.3014,1.3000,50.0000,0.9469,0.4532
e2,corr0.5_s2,corr,0.5000,2,10,60,0.9351,1.3179,1.3014,1.5000,50.0000,0.9469,0.4532
e2,corr1_s0,corr,1.0000,0,10,40,1.7875,2.0407,2.0407,0.8000,110.0000,2.4897,0.7745
e2,corr1_s0,corr,1.0000,0,10,40,1.7875,2.0407,2.0407,0.9000,40.0000,1.7875,0.8190
e2,corr1_s0,corr,1.0000,0,10,40,1.7875,2.0407,2.0407,1.0000,30.0000,1.7982,0.9355
e2,corr1_s0,corr,1.0000,0,10,40,1.7875,2.0407,2.0407,1.1000,30.0000,1.7982,0.9355
e2,corr1_s0,corr,1.0000,0,10,40,1.7875,2.0407,2.0407,1.2000,30.0000,1.7982,0.9355
e2,corr1_s0,corr,1.0000,0,10,40,1.7875,2.0407,2.0407,1.3000,30.0000,1.7982,0.9355
e2,corr1_s0,corr,1.0000,0,10,40,1.7875,2.0407,2.0407,1.5000,10.0000,2.9758,1.4340
e2,corr1_s1,corr,1.0000,1,10,40,1.8291,2.0418,2.0418,0.8000,110.0000,2.3662,0.7737
e2,corr1_s1,corr,1.0000,1,10,40,1.8291,2.0418,2.0418,0.9000,40.0000,1.8291,0.8618
e2,corr1_s1,corr,1.0000,1,10,40,1.8291,2.0418,2.0418,1.0000,40.0000,1.8291,0.8618
e2,corr1_s1,corr,1.0000,1,10,40,1.8291,2.0418,2.0418,1.1000,40.0000,1.8291,0.8618
e2,corr1_s1,corr,1.0000,1,10,40,1.8291,2.0418,2.0418,1.2000,40.0000,1.8291,0.8618
e2,corr1_s1,corr,1.0000,1,10,40,1.8291,2.0418,2.0418,1.3000,40.0000,1.8291,0.8618
e2,corr1_s1,corr,1.0000,1,10,40,1.8291,2.0418,2.0418,1.5000,10.0000,2.6876,1.2838
e2,corr1_s2,corr,1.0000,2,10,50,1.9864,2.0208,2.0208,0.8000,210.0000,2.6563,0.7598
e2,corr1_s2,corr,1.0000,2,10,50,1.9864,2.0208,2.0208,0.9000,50.0000,1.9864,0.8095
e2,corr1_s2,corr,1.0000,2,10,50,1.9864,2.0208,2.0208,1.0000,40.0000,2.0582,0.9166
e2,corr1_s2,corr,1.0000,2,10,50,1.9864,2.0208,2.0208,1.1000,30.0000,2.0139,1.0682
e2,corr1_s2,corr,1.0000,2,10,50,1.9864,2.0208,2.0208,1.2000,30.0000,2.0139,1.0682
e2,corr1_s2,corr,1.0000,2,10,50,1.9864,2.0208,2.0208,1.3000,30.0000,2.0139,1.0682
e2,corr1_s2,corr,1.0000,2,10,50,1.9864,2.0208,2.0208,1.5000,10.0000,2.6510,1.2861
e2b,corr2_s0,corr,2.0000,0,1,13,2.7994,3.0931,3.0931,0.8000,47.0000,4.6657,1.5535
e2b,corr2_s0,corr,2.0000,0,1,13,2.7994,3.0931,3.0931,0.9000,23.0000,3.5381,1.7001
e2b,corr2_s0,corr,2.0000,0,1,13,2.7994,3.0931,3.0931,1.0000,13.0000,2.7994,1.8586
e2b,corr2_s0,corr,2.0000,0,1,13,2.7994,3.0931,3.0931,1.1000,13.0000,2.7994,1.8586
e2b,corr2_s0,corr,2.0000,0,1,13,2.7994,3.0931,3.0931,1.2000,10.0000,3.7735,2.2547
e2b,corr2_s0,corr,2.0000,0,1,13,2.7994,3.0931,3.0931,1.3000,7.0000,4.3800,2.5149
e2b,corr2_s0,corr,2.0000,0,1,13,2.7994,3.0931,3.0931,1.5000,5.0000,5.2890,2.8518
e2b,corr2_s1,corr,2.0000,1,1,13,2.9363,3.1031,3.1031,0.8000,43.0000,4.3046,1.5443
e2b,corr2_s1,corr,2.0000,1,1,13,2.9363,3.1031,3.1031,0.9000,35.0000,3.9231,1.7299
e2b,corr2_s1,corr,2.0000,1,1,13,2.9363,3.1031,3.1031,1.0000,13.0000,2.9363,1.9033
e2b,corr2_s1,corr,2.0000,1,1,13,2.9363,3.1031,3.1031,1.1000,9.0000,3.2331,2.0689
e2b,corr2_s1,corr,2.0000,1,1,13,2.9363,3.1031,3.1031,1.2000,7.0000,3.6414,2.1627
e2b,corr2_s1,corr,2.0000,1,1,13,2.9363,3.1031,3.1031,1.3000,6.0000,4.3661,2.5117
e2b,corr2_s1,corr,2.0000,1,1,13,2.9363,3.1031,3.1031,1.5000,5.0000,5.1431,2.7778
e2b,corr2_s2,corr,2.0000,2,1,19,3.0195,3.0678,3.0678,0.8000,41.0000,4.4197,1.5454
e2b,corr2_s2,corr,2.0000,2,1,19,3.0195,3.0678,3.0678,0.9000,24.0000,3.4084,1.7242
e2b,corr2_s2,corr,2.0000,2,1,19,3.0195,3.0678,3.0678,1.0000,17.0000,3.0400,1.9406
e2b,corr2_s2,corr,2.0000,2,1,19,3.0195,3.0678,3.0678,1.1000,10.0000,3.2921,2.0709
e2b,corr2_s2,corr,2.0000,2,1,19,3.0195,3.0678,3.0678,1.2000,9.0000,3.5576,2.2620
e2b,corr2_s2,corr,2.0000,2,1,19,3.0195,3.0678,3.0678,1.3000,8.0000,3.8923,2.3521
e2b,corr2_s2,corr,2.0000,2,1,19,3.0195,3.0678,3.0678,1.5000,6.0000,5.0937,2.7808
e2b,corr3_s0,corr,3.0000,0,1,13,3.8430,3.9928,3.8838,0.8000,34.0000,6.7258,2.3429
e2b,corr3_s0,corr,3.0000,0,1,13,3.8430,3.9928,3.8838,0.9000,13.0000,3.8430,2.6074
e2b,corr3_s0,corr,3.0000,0,1,13,3.8430,3.9928,3.8838,1.0000,12.0000,3.9860,2.8984
e2b,corr3_s0,corr,3.0000,0,1,13,3.8430,3.9928,3.8838,1.1000,10.0000,4.3313,3.0467
e2b,corr3_s0,corr,3.0000,0,1,13,3.8430,3.9928,3.8838,1.2000,7.0000,5.2618,3.4689
e2b,corr3_s0,corr,3.0000,0,1,13,3.8430,3.9928,3.8838,1.3000,5.0000,5.8255,3.6635
e2b,corr3_s0,corr,3.0000,0,1,13,3.8430,3.9928,3.8838,1.5000,2.0000,7.3729,4.2793
e2b,corr3_s1,corr,3.0000,1,1,14,3.9716,4.0283,3.8987,0.8000,42.0000,6.5783,2.3140
e2b,corr3_s1,corr,3.0000,1,1,14,3.9716,4.0283,3.8987,0.9000,28.0000,5.5657,2.5645
e2b,corr3_s1,corr,3.0000,1,1,14,3.9716,4.0283,3.8987,1.0000,13.0000,4.0036,2.8500
e2b,corr3_s1,corr,3.0000,1,1,14,3.9716,4.0283,3.8987,1.1000,7.0000,4.6419,3.1338
e2b,corr3_s1,corr,3.0000,1,1,14,3.9716,4.0283,3.8987,1.2000,5.0000,5.5223,3.4588
e2b,corr3_s1,corr,3.0000,1,1,14,3.9716,4.0283,3.8987,1.3000,5.0000,5.5223,3.4588
e2b,corr3_s1,corr,3.0000,1,1,14,3.9716,4.0283,3.8987,1.5000,3.0000,7.0813,4.1060
e2b,corr3_s2,corr,3.0000,2,1,12,3.7021,3.9702,3.8493,0.8000,42.0000,7.2956,2.3223
e2b,corr3_s2,corr,3.0000,2,1,12,3.7021,3.9702,3.8493,0.9000,15.0000,3.8725,2.6211
e2b,corr3_s2,corr,3.0000,2,1,12,3.7021,3.9702,3.8493,1.0000,9.0000,3.9738,2.9004
e2b,corr3_s2,corr,3.0000,2,1,12,3.7021,3.9702,3.8493,1.1000,9.0000,3.9738,2.9004
e2b,corr3_s2,corr,3.0000,2,1,12,3.7021,3.9702,3.8493,1.2000,6.0000,5.1242,3.3477
e2b,corr3_s2,corr,3.0000,2,1,12,3.7021,3.9702,3.8493,1.3000,5.0000,5.7340,3.6032
e2b,corr3_s2,corr,3.0000,2,1,12,3.7021,3.9702,3.8493,1.5000,3.0000,7.1536,4.1576
e2,white0.5_s0,white,0.5000,0,10,100,0.5913,1.2025,1.1269,0.8000,,,
e2,white0.5_s0,white,0.5000,0,10,100,0.5913,1.2025,1.1269,0.9000,,,
e2,white0.5_s0,white,0.5000,0,10,100,0.5913,1.2025,1.1269,1.0000,100.0000,0.5913,0.4897
e2,white0.5_s0,white,0.5000,0,10,100,0.5913,1.2025,1.1269,1.1000,50.0000,0.7105,0.5391
e2,white0.5_s0,white,0.5000,0,10,100,0.5913,1.2025,1.1269,1.2000,40.0000,0.8094,0.5768
e2,white0.5_s0,white,0.5000,0,10,100,0.5913,1.2025,1.1269,1.3000,40.0000,0.8094,0.5768
e2,white0.5_s0,white,0.5000,0,10,100,0.5913,1.2025,1.1269,1.5000,40.0000,0.8094,0.5768
e2,white0.5_s1,white,0.5000,1,10,120,0.5940,1.1894,1.1184,0.8000,,,
e2,white0.5_s1,white,0.5000,1,10,120,0.5940,1.1894,1.1184,0.9000,,,
e2,white0.5_s1,white,0.5000,1,10,120,0.5940,1.1894,1.1184,1.0000,120.0000,0.5940,0.4950
e2,white0.5_s1,white,0.5000,1,10,120,0.5940,1.1894,1.1184,1.1000,40.0000,0.7392,0.5387
e2,white0.5_s1,white,0.5000,1,10,120,0.5940,1.1894,1.1184,1.2000,40.0000,0.7392,0.5387
e2,white0.5_s1,white,0.5000,1,10,120,0.5940,1.1894,1.1184,1.3000,40.0000,0.7392,0.5387
e2,white0.5_s1,white,0.5000,1,10,120,0.5940,1.1894,1.1184,1.5000,40.0000,0.7392,0.5387
e2,white0.5_s2,white,0.5000,2,10,60,0.5699,1.1905,1.1160,0.8000,,,
e2,white0.5_s2,white,0.5000,2,10,60,0.5699,1.1905,1.1160,0.9000,,,
e2,white0.5_s2,white,0.5000,2,10,60,0.5699,1.1905,1.1160,1.0000,60.0000,0.5699,0.4954
e2,white0.5_s2,white,0.5000,2,10,60,0.5699,1.1905,1.1160,1.1000,60.0000,0.5699,0.4954
e2,white0.5_s2,white,0.5000,2,10,60,0.5699,1.1905,1.1160,1.2000,60.0000,0.5699,0.4954
e2,white0.5_s2,white,0.5000,2,10,60,0.5699,1.1905,1.1160,1.3000,60.0000,0.5699,0.4954
e2,white0.5_s2,white,0.5000,2,10,60,0.5699,1.1905,1.1160,1.5000,50.0000,0.9064,0.6898
e2,white1_s0,white,1.0000,0,10,60,1.0592,1.7538,1.6826,0.8000,,,
e2,white1_s0,white,1.0000,0,10,60,1.0592,1.7538,1.6826,0.9000,,,
e2,white1_s0,white,1.0000,0,10,60,1.0592,1.7538,1.6826,1.0000,60.0000,1.0592,0.9745
e2,white1_s0,white,1.0000,0,10,60,1.0592,1.7538,1.6826,1.1000,60.0000,1.0592,0.9745
e2,white1_s0,white,1.0000,0,10,60,1.0592,1.7538,1.6826,1.2000,50.0000,1.2648,1.1222
e2,white1_s0,white,1.0000,0,10,60,1.0592,1.7538,1.6826,1.3000,50.0000,1.2648,1.1222
e2,white1_s0,white,1.0000,0,10,60,1.0592,1.7538,1.6826,1.5000,10.0000,2.5866,1.3817
e2,white1_s1,white,1.0000,1,10,60,1.1355,1.7360,1.6743,0.8000,,,
e2,white1_s1,white,1.0000,1,10,60,1.1355,1.7360,1.6743,0.9000,,,
e2,white1_s1,white,1.0000,1,10,60,1.1355,1.7360,1.6743,1.0000,60.0000,1.1355,0.9656
e2,white1_s1,white,1.0000,1,10,60,1.1355,1.7360,1.6743,1.1000,60.0000,1.1355,0.9656
e2,white1_s1,white,1.0000,1,10,60,1.1355,1.7360,1.6743,1.2000,40.0000,1.4168,1.1020
e2,white1_s1,white,1.0000,1,10,60,1.1355,1.7360,1.6743,1.3000,40.0000,1.4168,1.1020
e2,white1_s1,white,1.0000,1,10,60,1.1355,1.7360,1.6743,1.5000,20.0000,2.2035,1.3521
e2,white1_s2,white,1.0000,2,10,60,1.1040,1.7331,1.6649,0.8000,,,
e2,white1_s2,white,1.0000,2,10,60,1.1040,1.7331,1.6649,0.9000,,,
e2,white1_s2,white,1.0000,2,10,60,1.1040,1.7331,1.6649,1.0000,60.0000,1.1040,0.9823
e2,white1_s2,white,1.0000,2,10,60,1.1040,1.7331,1.6649,1.1000,60.0000,1.1040,0.9823
e2,white1_s2,white,1.0000,2,10,60,1.1040,1.7331,1.6649,1.2000,40.0000,1.3833,1.1523
e2,white1_s2,white,1.0000,2,10,60,1.1040,1.7331,1.6649,1.3000,10.0000,2.2428,1.2768
e2,white1_s2,white,1.0000,2,10,60,1.1040,1.7331,1.6649,1.5000,10.0000,2.2428,1.2768
e2b,white2_s0,white,2.0000,0,1,17,1.8150,2.5471,2.4885,0.8000,,,
e2b,white2_s0,white,2.0000,0,1,17,1.8150,2.5471,2.4885,0.9000,,,
e2b,white2_s0,white,2.0000,0,1,17,1.8150,2.5471,2.4885,1.0000,39.0000,2.2641,1.9964
e2b,white2_s0,white,2.0000,0,1,17,1.8150,2.5471,2.4885,1.1000,11.0000,2.1192,2.0846
e2b,white2_s0,white,2.0000,0,1,17,1.8150,2.5471,2.4885,1.2000,7.0000,3.4515,2.3932
e2b,white2_s0,white,2.0000,0,1,17,1.8150,2.5471,2.4885,1.3000,6.0000,4.0586,2.5453
e2b,white2_s0,white,2.0000,0,1,17,1.8150,2.5471,2.4885,1.5000,5.0000,4.8352,2.8589
e2b,white2_s1,white,2.0000,1,1,33,2.1299,2.5294,2.4863,0.8000,,,
e2b,white2_s1,white,2.0000,1,1,33,2.1299,2.5294,2.4863,0.9000,,,
e2b,white2_s1,white,2.0000,1,1,33,2.1299,2.5294,2.4863,1.0000,32.0000,2.1401,1.9695
e2b,white2_s1,white,2.0000,1,1,33,2.1299,2.5294,2.4863,1.1000,29.0000,2.6767,2.1586
e2b,white2_s1,white,2.0000,1,1,33,2.1299,2.5294,2.4863,1.2000,9.0000,3.3041,2.3283
e2b,white2_s1,white,2.0000,1,1,33,2.1299,2.5294,2.4863,1.3000,8.0000,3.5855,2.3964
e2b,white2_s1,white,2.0000,1,1,33,2.1299,2.5294,2.4863,1.5000,5.0000,5.1762,2.8978
e2b,white2_s2,white,2.0000,2,1,15,1.8819,2.5148,2.4618,0.8000,,,
e2b,white2_s2,white,2.0000,2,1,15,1.8819,2.5148,2.4618,0.9000,,,
e2b,white2_s2,white,2.0000,2,1,15,1.8819,2.5148,2.4618,1.0000,44.0000,2.4255,1.9626
e2b,white2_s2,white,2.0000,2,1,15,1.8819,2.5148,2.4618,1.1000,12.0000,2.0926,2.0912
e2b,white2_s2,white,2.0000,2,1,15,1.8819,2.5148,2.4618,1.2000,8.0000,2.8416,2.2158
e2b,white2_s2,white,2.0000,2,1,15,1.8819,2.5148,2.4618,1.3000,7.0000,3.6404,2.4643
e2b,white2_s2,white,2.0000,2,1,15,1.8819,2.5148,2.4618,1.5000,5.0000,5.1849,2.9240
e2b,white3_s0,white,3.0000,0,1,18,2.3506,3.0904,3.0904,0.8000,,,
e2b,white3_s0,white,3.0000,0,1,18,2.3506,3.0904,3.0904,0.9000,,,
e2b,white3_s0,white,3.0000,0,1,18,2.3506,3.0904,3.0904,1.0000,18.0000,2.3506,2.9890
e2b,white3_s0,white,3.0000,0,1,18,2.3506,3.0904,3.0904,1.1000,8.0000,3.5357,3.2594
e2b,white3_s0,white,3.0000,0,1,18,2.3506,3.0904,3.0904,1.2000,5.0000,4.8684,3.5927
e2b,white3_s0,white,3.0000,0,1,18,2.3506,3.0904,3.0904,1.3000,5.0000,4.8684,3.5927
e2b,white3_s0,white,3.0000,0,1,18,2.3506,3.0904,3.0904,1.5000,2.0000,7.3501,4.3684
e2b,white3_s1,white,3.0000,1,1,18,2.3560,3.0927,3.0927,0.8000,,,
e2b,white3_s1,white,3.0000,1,1,18,2.3560,3.0927,3.0927,0.9000,,,
e2b,white3_s1,white,3.0000,1,1,18,2.3560,3.0927,3.0927,1.0000,18.0000,2.3560,2.9847
e2b,white3_s1,white,3.0000,1,1,18,2.3560,3.0927,3.0927,1.1000,8.0000,3.8045,3.2845
e2b,white3_s1,white,3.0000,1,1,18,2.3560,3.0927,3.0927,1.2000,6.0000,4.8000,3.5240
e2b,white3_s1,white,3.0000,1,1,18,2.3560,3.0927,3.0927,1.3000,5.0000,5.5326,3.7503
e2b,white3_s1,white,3.0000,1,1,18,2.3560,3.0927,3.0927,1.5000,2.0000,7.6414,4.4388
e2b,white3_s2,white,3.0000,2,1,13,2.4026,3.0558,3.0558,0.8000,,,
e2b,white3_s2,white,3.0000,2,1,13,2.4026,3.0558,3.0558,0.9000,,,
e2b,white3_s2,white,3.0000,2,1,13,2.4026,3.0558,3.0558,1.0000,23.0000,2.7732,2.9889
e2b,white3_s2,white,3.0000,2,1,13,2.4026,3.0558,3.0558,1.1000,10.0000,2.6285,3.0664
e2b,white3_s2,white,3.0000,2,1,13,2.4026,3.0558,3.0558,1.2000,6.0000,4.5107,3.4576
e2b,white3_s2,white,3.0000,2,1,13,2.4026,3.0558,3.0558,1.3000,5.0000,5.2687,3.7010
e2b,white3_s2,white,3.0000,2,1,13,2.4026,3.0558,3.0558,1.5000,3.0000,7.0299,4.2511
